{"loss": [2.0450873374938965, 1.566336750984192, 1.2745894193649292, 1.0776853561401367, 0.9284384250640869, 0.7912403345108032, 0.687339186668396, 0.5830447673797607, 0.5180746912956238, 0.43657153844833374, 0.3855840265750885, 0.3194754123687744, 0.29501357674598694, 0.24589109420776367, 0.21872904896736145, 0.18746431171894073, 0.16758805513381958, 0.15512306988239288, 0.13821883499622345, 0.13624799251556396, 0.11513905227184296, 0.09845583140850067, 0.09633588790893555, 0.09454432874917984, 0.08443164825439453, 0.08788590133190155, 0.06386401504278183, 0.06599575281143188, 0.07724368572235107, 0.07253614068031311], "accuracy": [0.23548421263694763, 0.4376107454299927, 0.5526946783065796, 0.6282706260681152, 0.6788282990455627, 0.7271969318389893, 0.7681642770767212, 0.8003752827644348, 0.8215365409851074, 0.8511414527893066, 0.8671948313713074, 0.8902324438095093, 0.8997185230255127, 0.9161888957023621, 0.9263004064559937, 0.9367247223854065, 0.9441259503364563, 0.9476701617240906, 0.9536120295524597, 0.9548628926277161, 0.9627853631973267, 0.9678932428359985, 0.9668508172035217, 0.9675805568695068, 0.971020519733429, 0.9690399169921875, 0.9785259962081909, 0.9772750735282898, 0.9733138680458069, 0.9758157134056091], "val_loss": [1.672940969467163, 1.4392927885055542, 1.1639227867126465, 1.022043228149414, 0.795684278011322, 0.7555907368659973, 0.739096999168396, 0.6764558553695679, 0.5451521873474121, 0.5749081969261169, 0.5677570700645447, 0.5143470764160156, 0.44598889350891113, 0.49298855662345886, 0.5431671738624573, 0.47305193543434143, 0.5788624882698059, 0.5102208256721497, 0.45169445872306824, 0.47786945104599, 0.424773633480072, 0.48290303349494934, 0.4216729402542114, 0.44013383984565735, 0.462859183549881, 0.3910413980484009, 0.4708007276058197, 0.415338933467865, 0.3555620312690735, 0.5153135061264038], "val_accuracy": [0.39808252453804016, 0.5139641761779785, 0.589412271976471, 0.6461025476455688, 0.7186327576637268, 0.7569820880889893, 0.7640683650970459, 0.7836598753929138, 0.8240934014320374, 0.8140891790390015, 0.8207586407661438, 0.8570237755775452, 0.8632763624191284, 0.8520216941833496, 0.8586910963058472, 0.8766152858734131, 0.827011227607727, 0.8636931777000427, 0.8824509978294373, 0.8699458241462708, 0.8812004923820496, 0.884118378162384, 0.8903709650039673, 0.8957899212837219, 0.8837015628814697, 0.8928720355033875, 0.8949562311172485, 0.905794084072113, 0.9049603939056396, 0.8749479055404663]}